{
  "label_map": {
    "negative": 0,
    "neutral": 1,
    "positive": 2
  },
  "class_weights": [
    0.7862208713272543,
    0.5960061443932412,
    19.897435897435898
  ],
  "train_size": 776,
  "val_size": 194,
  "test_size": 30
}